{
	"editor": {
		"allAngles": false,
		"entityTextureMode": false
	},
	"textureWidth": 16,
	"textureHeight": 16,
	"textureSizes": {
	},
	"textures": {
		"pages": "block/books/leather/pages",
		"material": "block/books/leather/material"
	},
	"elements": [
		{
			"name": "origin",
			"from": [ 8.0, 0.0, 8.0 ], 
			"to": [ 0.0, 0.0, 0.0 ],
			"uv": [ 0.0, 0.0 ],			
			"rotationOrigin": [ 0.0, 0.0, 0.0 ],
			"faces": {
				"north": { "texture": "#material", "uv": [ 0.0, 0.0, 0.5, 0.5 ], "enabled": false },
				"east": { "texture": "#material", "uv": [ 0.0, 0.0, 0.5, 0.5 ], "enabled": false },
				"south": { "texture": "#material", "uv": [ 0.0, 0.0, 0.5, 0.5 ], "enabled": false },
				"west": { "texture": "#material", "uv": [ 0.0, 0.0, 0.5, 0.5 ], "enabled": false },
				"up": { "texture": "#material", "uv": [ 0.0, 0.0, 0.5, 0.5 ], "enabled": false },
				"down": { "texture": "#material", "uv": [ 0.0, 0.0, 0.5, 0.5 ], "enabled": false }
			},
			"children": [
				{
					"name": "Pages",
					"from": [ -2.0, 0.4, -4.0 ], 
					"to": [ 3.0, 1.4, 4.0 ], 
					"rotationOrigin": [ 0.0, 0.4, 0.0 ],
					"faces": {
						"north": { "texture": "#pages", "uv": [ 3.0, 4.0, 8.0, 5.0 ] },
						"east": { "texture": "#pages", "uv": [ 2.0, 5.0, 3.0, 13.0 ], "rotation": 90 },
						"south": { "texture": "#pages", "uv": [ 3.0, 13.0, 8.0, 14.0 ], "rotation": 180 },
						"west": { "texture": "#material", "uv": [ 3.0, 5.0, 4.0, 13.0 ], "rotation": 270, "enabled": false },
						"up": { "texture": "#material", "uv": [ 3.0, 5.0, 8.0, 13.0 ], "enabled": false },
						"down": { "texture": "#material", "uv": [ 3.0, 5.0, 8.0, 13.0 ], "enabled": false }
					},
					"children": [
						{
							"name": "CoverTop",
							"from": [ 0.0, 1.0, -0.2 ], 
							"to": [ 5.2, 1.4, 8.2 ], 
							"rotationOrigin": [ -0.3, 1.0, 4.0 ],
							"faces": {
								"north": { "texture": "#material", "uv": [ 3.0, 8.0, 8.0, 9.0 ] },
								"east": { "texture": "#material", "uv": [ 8.0, 8.0, 9.0, 16.0 ], "rotation": 270 },
								"south": { "texture": "#material", "uv": [ 9.0, 8.0, 14.0, 9.0 ], "rotation": 180 },
								"west": { "texture": "#material", "uv": [ 3.0, 0.0, 4.0, 8.0 ], "rotation": 90, "enabled": false },
								"up": { "texture": "#material", "uv": [ 3.0, 0.0, 8.0, 8.0 ], "rotation": 180 },
								"down": { "texture": "#material", "uv": [ 8.0, 0.0, 13.0, 8.0 ] }
							}
						},
						{
							"name": "CoverBottom",
							"from": [ 0.0, -0.4, -0.2 ], 
							"to": [ 5.2, 0.0, 8.2 ], 
							"rotationOrigin": [ 2.7, -0.4, 4.0 ],
							"faces": {
								"north": { "texture": "#material", "uv": [ 3.0, 10.0, 4.0, 15.0 ], "rotation": 90 },
								"east": { "texture": "#material", "uv": [ 4.0, 10.0, 12.0, 11.0 ] },
								"south": { "texture": "#material", "uv": [ 12.0, 10.0, 13.0, 15.0 ], "rotation": 90 },
								"west": { "texture": "#material", "uv": [ 0.0, 0.0, 8.0, 1.0 ], "enabled": false },
								"up": { "texture": "#material", "uv": [ 3.0, 2.0, 8.0, 10.0 ] },
								"down": { "texture": "#material", "uv": [ 8.0, 2.0, 13.0, 10.0 ] }
							}
						},
						{
							"name": "Back",
							"from": [ -0.3, -0.4, -0.2 ], 
							"to": [ 0.0, 1.4, 8.2 ], 
							"rotationOrigin": [ -0.3, 0.5, 4.0 ],
							"faces": {
								"north": { "texture": "#material", "uv": [ 7.0, 1.0, 8.0, 2.0 ], "rotation": 180 },
								"east": { "texture": "#material", "uv": [ 8.0, 2.0, 9.0, 10.0 ], "rotation": 90 },
								"south": { "texture": "#material", "uv": [ 7.0, 10.0, 8.0, 11.0 ] },
								"west": { "texture": "#material", "uv": [ 6.0, 2.0, 7.0, 10.0 ], "rotation": 270 },
								"up": { "texture": "#material", "uv": [ 7.0, 2.0, 8.0, 10.0 ] },
								"down": { "texture": "#material", "uv": [ 9.0, 2.0, 10.0, 10.0 ] }
							}
						},
						{
							"name": "Backend",
							"from": [ -0.6, -0.2, -0.2 ], 
							"to": [ -0.3, 1.2, 8.2 ], 
							"rotationOrigin": [ -0.6, 0.5, 4.0 ],
							"faces": {
								"north": { "texture": "#material", "uv": [ 0.0, 15.0, 1.0, 16.0 ] },
								"east": { "texture": "#material", "uv": [ 0.0, 0.0, 8.0, 1.0 ], "enabled": false },
								"south": { "texture": "#material", "uv": [ 1.0, 15.0, 2.0, 16.0 ] },
								"west": { "texture": "#material", "uv": [ 2.0, 15.0, 10.0, 16.0 ] },
								"up": { "texture": "#material", "uv": [ 0.0, 7.0, 1.0, 15.0 ] },
								"down": { "texture": "#material", "uv": [ 1.0, 7.0, 9.0, 8.0 ], "rotation": 90 }
							}
						},
						{
							"name": "titlepage",
							"from": [ 0.0, 0.0, 0.0 ], 
							"to": [ 5.0, 1.0, 8.0 ], 
							"faces": {
								"north": { "texture": "#null", "uv": [ -3.0, 5.0, 2.0, 6.0 ] },
								"east": { "texture": "#null", "uv": [ 15.0, 5.0, 23.0, 6.0 ] },
								"south": { "texture": "#pages", "uv": [ 10.0, 5.0, 15.0, 6.0 ] },
								"west": { "texture": "#null", "uv": [ 2.0, 5.0, 10.0, 6.0 ] },
								"up": { "texture": "#pages", "uv": [ 2.0, 0.0, 10.0, 5.0 ], "rotation": 90 },
								"down": { "texture": "#pages", "uv": [ 2.0, 6.0, 10.0, 11.0 ], "rotation": 90 }
							}
						}
					],
					"attachmentpoints": [
						{
							"code": "Point1",
							"posX": "-4.0","posY": "0.0","posZ": "-2.0",
							"rotationX": "0.0","rotationY": "0.0","rotationZ": "0.0"
						}
					]
				}
			]
		}
	],
	"animations": [
		{
			"name": "bookopen",
			"code": "bookopening",
			"quantityframes": 16,
			"onActivityStopped": "Rewind",
			"onAnimationEnd": "Hold",
			"keyframes": [
				{
					"frame": 0,
					"elements": {
						"origin": { "offsetX": 0.0, "offsetY": 0.0, "offsetZ": 0.0 },
						"Pages": {  },
						"CoverTop": { "offsetX": 0.0, "offsetY": 0.0, "offsetZ": 0.0, "rotationX": 0.0, "rotationY": 0.0, "rotationZ": 0.0 }
					}
				},
				{
					"frame": 15,
					"elements": {
						"origin": { "offsetX": 2.5, "offsetY": 0.0, "offsetZ": 0.0 },
						"Pages": { "offsetX": 0.0, "offsetY": 0.0, "offsetZ": 0.0, "rotationX": 0.0, "rotationY": 0.0, "rotationZ": 0.0 },
						"CoverTop": { "rotationX": 0.0, "rotationY": 0.0, "rotationZ": 190.0 }
					}
				}
			]
		},

		{
			"name": "bookclose",
			"code": "bookclosing",
			"quantityframes": 16,
			"onActivityStopped": "Rewind",
			"onAnimationEnd": "Hold",
			"keyframes": [
				{
					"frame": 0,
					"elements": {
						"origin": { "offsetX": 2.5, "offsetY": 0.0, "offsetZ": 0.0 },
						"Pages": { "offsetX": 0.0, "offsetY": 0.0, "offsetZ": 0.0, "rotationX": 0.0, "rotationY": 0.0, "rotationZ": 0.0 },
						"CoverTop": { "rotationX": 0.0, "rotationY": 0.0, "rotationZ": 190.0 }
					}
				},
				{
					"frame": 15,
					"elements": {
						"origin": { "offsetX": 0.0, "offsetY": 0.0, "offsetZ": 0.0 },
						"Pages": { "offsetX": 0.0, "offsetY": 0.0, "offsetZ": 0.0, "rotationX": 0.0, "rotationY": 0.0, "rotationZ": 0.0 },
						"CoverTop": { "rotationX": 0.0, "rotationY": 0.0, "rotationZ": 0.0 }
					}
				}
			]
		}
	]
}