{ 
	code: "Inkwell",
	blockmaterial: "Glass",
	resistance: 0.25,
	lightabsorption: 0,
	ambientocclusion: true,
	renderpass: "opaque",
	faceCullMode: "nevercull",
	drawtype:"json",
	vertexFlags: {
		zOffset: 2
	},
	rainPermeable: false,
	materialDensity:1200,
	behaviors: [
		{ name: "SneakPlacing"}, 
		{ name: "UnstableFalling", properties: { attachmentArea: { x1: 5, y1: 0, z1: 5, x2: 10, y2: 0, z2: 10 } }}, 
		{ name: "RightClickPickup"} 
	],
	variantgroups: [
		{ code:"type", states: ["empty", "ink"] },
	],
	attributesByType: {
		"*-empty": {
			shelvable: true,
			contentItem2BlockCodes: {
				"blackink": "inkwell-ink"
			},
		},
		"*-ink": {
			shelvable: true,
			contentItemCode: "blackink",
			emptiedBlockCode: "inkwell-empty",
		},
		"*": {
			shelvable: true,
			bowlContents: null
		}
	},
	

	shapeByType: {
		"*-ink": { base: "block/books/inkwell" },
		"*-empty": { base: "block/books/inkwell" },
		"*": { base: "block/books/inkwell" },
	},
	creativeinventory: { "general": ["*"], "decorative": ["*"] },
	replaceable: 300,
	resistance: 0.75,
	maxStackSizeByType: {
		"*-ink": 64,
		"*-empty": 64,
		"*": 64,
	},
	
	textures: {

    },

	shapeinventory: {
		base: "block/books/inv_inkwell"
	},
	sideopaque: {
		all: false
	},
	sidesolid: {
		all: false
	},
	sounds: {
		place: "player/buildhigh",
		break: "block/glass",
		hit: "block/glass",
		walk: "walk/stone",
	},
	collisionbox: { x1: 0.42, y1: 0, z1: 0.42, x2: 0.58, y2: 0.12, z2: 0.58, rotateY: 0 },
	selectionbox: { x1: 0.42, y1: 0, z1: 0.42, x2: 0.58, y2: 0.12, z2: 0.58, rotateY: 0 },
	
	guiTransform: {
		translation: { x: 0, y: 8, z: 0 },
		rotation: { x: -42, y: -19, z: 2 },
		origin: { x: 0, y: 0, z: 0 },
		scale: 8
	},
	fpHandTransform: {
		translation: { x: 0.2, y: 0.4, z: 1 },
		rotation: { x: 23, y: 140, z: -3 },
		origin: { x: 0, y: 0, z: 0 },
		scale: 4.7
	},
	tpHandTransform: {
		translation: { x: -0.1, y: -0.1, z: 0 },
		rotation: { x: 36, y: -53, z: -22 },
		origin: { x: 0, y: 0, z: 0 },
		scale: 1.5
	},
	groundTransform: {
		translation: { x: 0, y: 0, z: 0 },
		rotation: { x: 0, y: 0, z: 0 },
		origin: { x: 0, y: 0, z: 0 },
		scale: 6
	},
	attributes: {
		onDisplayTransform: {
			origin: { x: 0, y: 0, z: 0 }
	}
}