{
	code: "papers",
	class: "BlockPaper",
	entityClass: "BlockEntityBooks",
	blockmaterial: "wood",
	drawtype:"json",
	maxstacksize: 64,
	resistance: 1.5,
	lightabsorption: 0,
	ambientocclusion: true,
	renderpass: "opaque",
	sideopaque: "all",
	rainPermeable: true,
	materialDensity: 600,
	behaviors: [ {name: "HorizontalOrientable"}],
	variantgroups: [
		{ code: "side", loadFromProperties: "abstract/horizontalorientation" }
	],
	"variantgroups": [ 
	{ "loadFromProperties": "abstract/horizontalorientation" } 
	],
	textures: {
      "pages": { base: "block/books/pages" },
    },
	shapebytype: {
		"*-north": { base: "block/books/papers", rotateY: 0 },
		"*-east": { base: "block/books/papers", rotateY: 270 },
		"*-south": { base: "block/books/papers", rotateY: 180 },
		"*-west": { base: "block/books/papers", rotateY: 90 },
	},
	creativeinventory: { "general": ["*-north"], "decorative": ["*-north"] },
	
	shapeinventory: {
		base: "block/books/inv_papers"
	},
	sidesolid: {
		all: "false"
	},
	sideopaque: {
		all: "false"
	},
	combustibleProps: {
		burnTemperature: 600,
		burnDuration: 5,
	},
	sounds: {
		"place": "block/planks",
		"hit": "block/planks",
		"break": "block/planks",
		"walk": "walk/wood"
	},
	collisionbox: { x1: 0, y1: 0, z1: 0,   x2: 0.1, y2: 0.1, z2: 0.1,
	},
	selectionbox: { x1: 0.8, y1: 0, z1: 0.8,   x2: 0.1, y2: 0.1, z2: 0.1,
	},
	
	selectionboxbytype: {
		"*-east": {x1: 0.23, y1: 0, z1: 0.17, x2: 0.77, y2: 0.1, z2: 0.82,  rotateY: 270 },
		"*-south": { x1: 0.23, y1: 0, z1: 0.17, x2: 0.77, y2: 0.1, z2: 0.82,  rotateY: 180 },
		"*-west": { x1: 0.23, y1: 0, z1: 0.17, x2: 0.77, y2: 0.1, z2: 0.82,  rotateY: 90 },
		"*-north": {  x1: 0.23, y1: 0, z1: 0.17, x2: 0.77, y2: 0.1, z2: 0.82,  rotateY: 0 },
	},
	collisionboxbytype: {
		"*-east": { x1: 0.23, y1: 0, z1: 0.17, x2: 0.77, y2: 0.1, z2: 0.82,  rotateY: 270 },
		"*-south": { x1: 0.23, y1: 0, z1: 0.17, x2: 0.77, y2: 0.1, z2: 0.82,  rotateY: 180 },
		"*-west": {x1: 0.23, y1: 0, z1: 0.17, x2: 0.77, y2: 0.1, z2: 0.82,  rotateY: 90 },
		"*-north": {  x1: 0.23, y1: 0, z1: 0.17, x2: 0.77, y2: 0.1, z2: 0.82, rotateY: 0 },
	},
	
	guiTransform: {
		translation: { x: 0, y: -1, z: 0 },
		rotation: { x: 116, y: -36, z: -13 },
		origin: { x: 0, y: 0, z: 0 },
		scale: 1.79
	},
	fpHandTransform: {
		translation: { x: 0.4, y: 0.4, z: 1 },
		rotation: { x: 93, y: 145, z: -68 },
		origin: { x: 0, y: 0, z: 0 },
		scale: 2.5
	},
	tpHandTransform: {
		translation: { x: -0.1, y: -0.2, z: 0 },
		rotation: { x: 36, y: -112, z: 41 },
		origin: { x: 0, y: 0, z: 0 },
		scale: 0.67
	},
	groundTransform: {
		translation: { x: 0, y: 0, z: 0 },
		rotation: { x: -180, y: -149, z: -180 },
		origin: { x: 0, y: 0, z: 0 },
		scale: 2.94
	},
	attributes: {
		onDisplayTransform: {
			origin: { x: 0, y: 0, z: 0 },
			isPage:"true"
		}
	}
}